-- ═══════════════════════════════════════════════════════════════════════════════
-- 發財B平台 - 種子資料 (Seed Data)
-- 檔案: supabase/seed.sql
-- 版本: 1.0.0
-- 建立日期: 2026-03-19
-- 
-- 功能說明:
--   1. 匯入測試用品牌/規格/車型字典
--   2. 建立測試帳號 (Admin + 車行用戶)
--   3. 建立測試車輛資料
--   4. 建立預設系統設定
--
-- 執行方式:
--   supabase db reset    (會自動執行 seed.sql)
--   或手動: psql -f seed.sql
--
-- 注意事項:
--   - 此檔案為開發/測試環境使用
--   - 生產環境請勿直接執行
--   - 測試帳號密碼為 "Test123456!"
-- ═══════════════════════════════════════════════════════════════════════════════

-- ═══════════════════════════════════════════════════════════════════════════════
-- SECTION 0: 清理既有測試資料（可選）
-- ═══════════════════════════════════════════════════════════════════════════════

-- 若需要重新匯入，可取消以下註解
-- TRUNCATE public.vehicles CASCADE;
-- TRUNCATE public.trade_requests CASCADE;
-- TRUNCATE public.dictionary_requests CASCADE;
-- TRUNCATE public.notifications CASCADE;
-- TRUNCATE public.models CASCADE;
-- TRUNCATE public.specs CASCADE;
-- TRUNCATE public.brands CASCADE;

-- ═══════════════════════════════════════════════════════════════════════════════
-- SECTION 1: 品牌種子資料 (Brands)
-- ═══════════════════════════════════════════════════════════════════════════════

INSERT INTO public.brands (id, name, sort_order, is_active) VALUES
  -- 日系品牌 (sort_order 1-10)
  ('11111111-0001-0001-0001-000000000001', 'Toyota', 1, true),
  ('11111111-0001-0001-0001-000000000002', 'Honda', 2, true),
  ('11111111-0001-0001-0001-000000000003', 'Nissan', 3, true),
  ('11111111-0001-0001-0001-000000000004', 'Mazda', 4, true),
  ('11111111-0001-0001-0001-000000000005', 'Mitsubishi', 5, true),
  ('11111111-0001-0001-0001-000000000006', 'Subaru', 6, true),
  ('11111111-0001-0001-0001-000000000007', 'Suzuki', 7, true),
  ('11111111-0001-0001-0001-000000000008', 'Lexus', 8, true),
  ('11111111-0001-0001-0001-000000000009', 'Infiniti', 9, true),
  ('11111111-0001-0001-0001-000000000010', 'Acura', 10, true),
  
  -- 德系品牌 (sort_order 11-20)
  ('11111111-0001-0001-0001-000000000011', 'BMW', 11, true),
  ('11111111-0001-0001-0001-000000000012', 'Mercedes-Benz', 12, true),
  ('11111111-0001-0001-0001-000000000013', 'Audi', 13, true),
  ('11111111-0001-0001-0001-000000000014', 'Volkswagen', 14, true),
  ('11111111-0001-0001-0001-000000000015', 'Porsche', 15, true),
  
  -- 美系品牌 (sort_order 21-30)
  ('11111111-0001-0001-0001-000000000021', 'Ford', 21, true),
  ('11111111-0001-0001-0001-000000000022', 'Chevrolet', 22, true),
  ('11111111-0001-0001-0001-000000000023', 'Tesla', 23, true),
  ('11111111-0001-0001-0001-000000000024', 'Jeep', 24, true),
  
  -- 韓系品牌 (sort_order 31-40)
  ('11111111-0001-0001-0001-000000000031', 'Hyundai', 31, true),
  ('11111111-0001-0001-0001-000000000032', 'Kia', 32, true),
  ('11111111-0001-0001-0001-000000000033', 'Genesis', 33, true),
  
  -- 其他品牌 (sort_order 41+)
  ('11111111-0001-0001-0001-000000000041', 'Volvo', 41, true),
  ('11111111-0001-0001-0001-000000000042', 'Land Rover', 42, true),
  ('11111111-0001-0001-0001-000000000043', 'Jaguar', 43, true),
  ('11111111-0001-0001-0001-000000000044', 'Mini', 44, true),
  ('11111111-0001-0001-0001-000000000045', 'Alfa Romeo', 45, true),
  ('11111111-0001-0001-0001-000000000046', 'Maserati', 46, true),
  ('11111111-0001-0001-0001-000000000047', 'Ferrari', 47, true),
  ('11111111-0001-0001-0001-000000000048', 'Lamborghini', 48, true)
ON CONFLICT (id) DO NOTHING;

-- ═══════════════════════════════════════════════════════════════════════════════
-- SECTION 2: 規格種子資料 (Specs)
-- ═══════════════════════════════════════════════════════════════════════════════

-- Toyota 規格
INSERT INTO public.specs (id, brand_id, name, sort_order, is_active) VALUES
  ('22222222-0001-0001-0001-000000000001', '11111111-0001-0001-0001-000000000001', 'Camry', 1, true),
  ('22222222-0001-0001-0001-000000000002', '11111111-0001-0001-0001-000000000001', 'Corolla', 2, true),
  ('22222222-0001-0001-0001-000000000003', '11111111-0001-0001-0001-000000000001', 'RAV4', 3, true),
  ('22222222-0001-0001-0001-000000000004', '11111111-0001-0001-0001-000000000001', 'Yaris', 4, true),
  ('22222222-0001-0001-0001-000000000005', '11111111-0001-0001-0001-000000000001', 'Altis', 5, true),
  ('22222222-0001-0001-0001-000000000006', '11111111-0001-0001-0001-000000000001', 'Crown', 6, true),
  ('22222222-0001-0001-0001-000000000007', '11111111-0001-0001-0001-000000000001', 'Prius', 7, true),
  
  -- Honda 規格
  ('22222222-0001-0001-0001-000000000011', '11111111-0001-0001-0001-000000000002', 'Civic', 1, true),
  ('22222222-0001-0001-0001-000000000012', '11111111-0001-0001-0001-000000000002', 'Accord', 2, true),
  ('22222222-0001-0001-0001-000000000013', '11111111-0001-0001-0001-000000000002', 'CR-V', 3, true),
  ('22222222-0001-0001-0001-000000000014', '11111111-0001-0001-0001-000000000002', 'HR-V', 4, true),
  ('22222222-0001-0001-0001-000000000015', '11111111-0001-0001-0001-000000000002', 'Fit', 5, true),
  
  -- BMW 規格
  ('22222222-0001-0001-0001-000000000021', '11111111-0001-0001-0001-000000000011', '3 Series', 1, true),
  ('22222222-0001-0001-0001-000000000022', '11111111-0001-0001-0001-000000000011', '5 Series', 2, true),
  ('22222222-0001-0001-0001-000000000023', '11111111-0001-0001-0001-000000000011', '7 Series', 3, true),
  ('22222222-0001-0001-0001-000000000024', '11111111-0001-0001-0001-000000000011', 'X1', 4, true),
  ('22222222-0001-0001-0001-000000000025', '11111111-0001-0001-0001-000000000011', 'X3', 5, true),
  ('22222222-0001-0001-0001-000000000026', '11111111-0001-0001-0001-000000000011', 'X5', 6, true),
  
  -- Mercedes-Benz 規格
  ('22222222-0001-0001-0001-000000000031', '11111111-0001-0001-0001-000000000012', 'C-Class', 1, true),
  ('22222222-0001-0001-0001-000000000032', '11111111-0001-0001-0001-000000000012', 'E-Class', 2, true),
  ('22222222-0001-0001-0001-000000000033', '11111111-0001-0001-0001-000000000012', 'S-Class', 3, true),
  ('22222222-0001-0001-0001-000000000034', '11111111-0001-0001-0001-000000000012', 'GLA', 4, true),
  ('22222222-0001-0001-0001-000000000035', '11111111-0001-0001-0001-000000000012', 'GLC', 5, true),
  ('22222222-0001-0001-0001-000000000036', '11111111-0001-0001-0001-000000000012', 'GLE', 6, true),
  
  -- Nissan 規格
  ('22222222-0001-0001-0001-000000000041', '11111111-0001-0001-0001-000000000003', 'Sentra', 1, true),
  ('22222222-0001-0001-0001-000000000042', '11111111-0001-0001-0001-000000000003', 'Altima', 2, true),
  ('22222222-0001-0001-0001-000000000043', '11111111-0001-0001-0001-000000000003', 'X-Trail', 3, true),
  ('22222222-0001-0001-0001-000000000044', '11111111-0001-0001-0001-000000000003', 'Kicks', 4, true),
  
  -- Mazda 規格
  ('22222222-0001-0001-0001-000000000051', '11111111-0001-0001-0001-000000000004', 'Mazda3', 1, true),
  ('22222222-0001-0001-0001-000000000052', '11111111-0001-0001-0001-000000000004', 'Mazda6', 2, true),
  ('22222222-0001-0001-0001-000000000053', '11111111-0001-0001-0001-000000000004', 'CX-5', 3, true),
  ('22222222-0001-0001-0001-000000000054', '11111111-0001-0001-0001-000000000004', 'CX-30', 4, true),
  
  -- Tesla 規格
  ('22222222-0001-0001-0001-000000000061', '11111111-0001-0001-0001-000000000023', 'Model 3', 1, true),
  ('22222222-0001-0001-0001-000000000062', '11111111-0001-0001-0001-000000000023', 'Model Y', 2, true),
  ('22222222-0001-0001-0001-000000000063', '11111111-0001-0001-0001-000000000023', 'Model S', 3, true),
  ('22222222-0001-0001-0001-000000000064', '11111111-0001-0001-0001-000000000023', 'Model X', 4, true),
  
  -- Lexus 規格
  ('22222222-0001-0001-0001-000000000071', '11111111-0001-0001-0001-000000000008', 'ES', 1, true),
  ('22222222-0001-0001-0001-000000000072', '11111111-0001-0001-0001-000000000008', 'NX', 2, true),
  ('22222222-0001-0001-0001-000000000073', '11111111-0001-0001-0001-000000000008', 'RX', 3, true),
  ('22222222-0001-0001-0001-000000000074', '11111111-0001-0001-0001-000000000008', 'UX', 4, true)
ON CONFLICT (id) DO NOTHING;

-- ═══════════════════════════════════════════════════════════════════════════════
-- SECTION 3: 車型種子資料 (Models)
-- ═══════════════════════════════════════════════════════════════════════════════

-- Toyota Camry 車型
INSERT INTO public.models (id, spec_id, name, sort_order, is_active) VALUES
  ('33333333-0001-0001-0001-000000000001', '22222222-0001-0001-0001-000000000001', '2.0 經典', 1, true),
  ('33333333-0001-0001-0001-000000000002', '22222222-0001-0001-0001-000000000001', '2.5 豪華', 2, true),
  ('33333333-0001-0001-0001-000000000003', '22222222-0001-0001-0001-000000000001', '2.5 Hybrid', 3, true),
  ('33333333-0001-0001-0001-000000000004', '22222222-0001-0001-0001-000000000001', '2.5 Hybrid 旗艦', 4, true),
  
  -- Toyota Corolla 車型
  ('33333333-0001-0001-0001-000000000011', '22222222-0001-0001-0001-000000000002', '1.8 經典', 1, true),
  ('33333333-0001-0001-0001-000000000012', '22222222-0001-0001-0001-000000000002', '1.8 豪華', 2, true),
  ('33333333-0001-0001-0001-000000000013', '22222222-0001-0001-0001-000000000002', '1.8 Hybrid', 3, true),
  
  -- Toyota RAV4 車型
  ('33333333-0001-0001-0001-000000000021', '22222222-0001-0001-0001-000000000003', '2.0 經典', 1, true),
  ('33333333-0001-0001-0001-000000000022', '22222222-0001-0001-0001-000000000003', '2.5 豪華', 2, true),
  ('33333333-0001-0001-0001-000000000023', '22222222-0001-0001-0001-000000000003', '2.5 Hybrid', 3, true),
  ('33333333-0001-0001-0001-000000000024', '22222222-0001-0001-0001-000000000003', '2.5 Adventure 4WD', 4, true),
  
  -- Honda Civic 車型
  ('33333333-0001-0001-0001-000000000031', '22222222-0001-0001-0001-000000000011', '1.5 VTi', 1, true),
  ('33333333-0001-0001-0001-000000000032', '22222222-0001-0001-0001-000000000011', '1.5 VTi-S', 2, true),
  ('33333333-0001-0001-0001-000000000033', '22222222-0001-0001-0001-000000000011', '1.5 e:HEV', 3, true),
  
  -- Honda CR-V 車型
  ('33333333-0001-0001-0001-000000000041', '22222222-0001-0001-0001-000000000013', '1.5 VTi', 1, true),
  ('33333333-0001-0001-0001-000000000042', '22222222-0001-0001-0001-000000000013', '1.5 VTi-S', 2, true),
  ('33333333-0001-0001-0001-000000000043', '22222222-0001-0001-0001-000000000013', '1.5 S', 3, true),
  
  -- BMW 3 Series 車型
  ('33333333-0001-0001-0001-000000000051', '22222222-0001-0001-0001-000000000021', '318i', 1, true),
  ('33333333-0001-0001-0001-000000000052', '22222222-0001-0001-0001-000000000021', '320i', 2, true),
  ('33333333-0001-0001-0001-000000000053', '22222222-0001-0001-0001-000000000021', '330i', 3, true),
  ('33333333-0001-0001-0001-000000000054', '22222222-0001-0001-0001-000000000021', 'M340i', 4, true),
  
  -- BMW 5 Series 車型
  ('33333333-0001-0001-0001-000000000061', '22222222-0001-0001-0001-000000000022', '520i', 1, true),
  ('33333333-0001-0001-0001-000000000062', '22222222-0001-0001-0001-000000000022', '530i', 2, true),
  ('33333333-0001-0001-0001-000000000063', '22222222-0001-0001-0001-000000000022', '540i', 3, true),
  ('33333333-0001-0001-0001-000000000064', '22222222-0001-0001-0001-000000000022', 'M550i', 4, true),
  
  -- Mercedes-Benz C-Class 車型
  ('33333333-0001-0001-0001-000000000071', '22222222-0001-0001-0001-000000000031', 'C180', 1, true),
  ('33333333-0001-0001-0001-000000000072', '22222222-0001-0001-0001-000000000031', 'C200', 2, true),
  ('33333333-0001-0001-0001-000000000073', '22222222-0001-0001-0001-000000000031', 'C300', 3, true),
  ('33333333-0001-0001-0001-000000000074', '22222222-0001-0001-0001-000000000031', 'AMG C43', 4, true),
  
  -- Tesla Model 3 車型
  ('33333333-0001-0001-0001-000000000081', '22222222-0001-0001-0001-000000000061', 'Standard Range', 1, true),
  ('33333333-0001-0001-0001-000000000082', '22222222-0001-0001-0001-000000000061', 'Long Range', 2, true),
  ('33333333-0001-0001-0001-000000000083', '22222222-0001-0001-0001-000000000061', 'Performance', 3, true),
  
  -- Tesla Model Y 車型
  ('33333333-0001-0001-0001-000000000091', '22222222-0001-0001-0001-000000000062', 'Standard Range', 1, true),
  ('33333333-0001-0001-0001-000000000092', '22222222-0001-0001-0001-000000000062', 'Long Range', 2, true),
  ('33333333-0001-0001-0001-000000000093', '22222222-0001-0001-0001-000000000062', 'Performance', 3, true),
  
  -- Lexus ES 車型
  ('33333333-0001-0001-0001-000000000101', '22222222-0001-0001-0001-000000000071', 'ES200', 1, true),
  ('33333333-0001-0001-0001-000000000102', '22222222-0001-0001-0001-000000000071', 'ES250', 2, true),
  ('33333333-0001-0001-0001-000000000103', '22222222-0001-0001-0001-000000000071', 'ES300h', 3, true)
ON CONFLICT (id) DO NOTHING;

-- ═══════════════════════════════════════════════════════════════════════════════
-- SECTION 4: 測試帳號資料 (Users)
-- ═══════════════════════════════════════════════════════════════════════════════

-- 注意：這裡只建立 public.users 記錄
-- 實際的 auth.users 記錄需要透過 Supabase Auth API 建立
-- 或使用 supabase/seed.sql 的特殊語法

-- Admin 測試帳號
INSERT INTO public.users (id, email, name, phone, company_name, status) VALUES
  ('aaaaaaaa-0001-0001-0001-000000000001', 'admin@facai-b.com', '系統管理員', '0900000001', '發財B平台管理中心', 'active')
ON CONFLICT (id) DO UPDATE SET
  name = EXCLUDED.name,
  phone = EXCLUDED.phone,
  company_name = EXCLUDED.company_name;

-- 車行測試帳號 1
INSERT INTO public.users (id, email, name, phone, company_name, status) VALUES
  ('bbbbbbbb-0001-0001-0001-000000000001', 'dealer1@test.com', '王大明', '0912345678', '大明優質車行', 'active')
ON CONFLICT (id) DO UPDATE SET
  name = EXCLUDED.name,
  phone = EXCLUDED.phone,
  company_name = EXCLUDED.company_name;

-- 車行測試帳號 2
INSERT INTO public.users (id, email, name, phone, company_name, status) VALUES
  ('bbbbbbbb-0001-0001-0001-000000000002', 'dealer2@test.com', '李小華', '0923456789', '小華汽車商行', 'active')
ON CONFLICT (id) DO UPDATE SET
  name = EXCLUDED.name,
  phone = EXCLUDED.phone,
  company_name = EXCLUDED.company_name;

-- 停權測試帳號
INSERT INTO public.users (id, email, name, phone, company_name, status, suspended_at, suspended_reason) VALUES
  ('bbbbbbbb-0001-0001-0001-000000000003', 'suspended@test.com', '張三', '0934567890', '問題車行', 'suspended', NOW(), '違反平台規範 - 測試用停權帳號')
ON CONFLICT (id) DO UPDATE SET
  name = EXCLUDED.name,
  status = EXCLUDED.status,
  suspended_at = EXCLUDED.suspended_at,
  suspended_reason = EXCLUDED.suspended_reason;

-- ═══════════════════════════════════════════════════════════════════════════════
-- SECTION 5: 測試車輛資料 (Vehicles)
-- ═══════════════════════════════════════════════════════════════════════════════

-- 車行 1 的已核准車輛
INSERT INTO public.vehicles (
  id, owner_dealer_id, brand_id, spec_id, model_id, year,
  listing_price, acquisition_cost, repair_cost,
  status, description, images
) VALUES (
  'cccccccc-0001-0001-0001-000000000001',
  'bbbbbbbb-0001-0001-0001-000000000001',  -- 車行 1
  '11111111-0001-0001-0001-000000000001',  -- Toyota
  '22222222-0001-0001-0001-000000000001',  -- Camry
  '33333333-0001-0001-0001-000000000003',  -- 2.5 Hybrid
  2023,
  1280000,   -- 展示價 128萬
  1150000,   -- 收購成本 115萬
  30000,     -- 整備費 3萬
  'approved',
  '2023年式 Toyota Camry 2.5 Hybrid，車況極佳，原廠保固中。配備 TSS 2.0 智駕輔助系統，低里程僅跑 15,000 公里。',
  '["https://example.com/vehicles/camry-1.jpg", "https://example.com/vehicles/camry-2.jpg"]'::jsonb
)
ON CONFLICT (id) DO NOTHING;

-- 車行 1 的待審核車輛
INSERT INTO public.vehicles (
  id, owner_dealer_id, brand_id, spec_id, model_id, year,
  listing_price, acquisition_cost, repair_cost,
  status, description, images
) VALUES (
  'cccccccc-0001-0001-0001-000000000002',
  'bbbbbbbb-0001-0001-0001-000000000001',  -- 車行 1
  '11111111-0001-0001-0001-000000000011',  -- BMW
  '22222222-0001-0001-0001-000000000021',  -- 3 Series
  '33333333-0001-0001-0001-000000000053',  -- 330i
  2022,
  1680000,   -- 展示價 168萬
  1520000,   -- 收購成本 152萬
  50000,     -- 整備費 5萬
  'pending',
  '2022年式 BMW 330i M Sport，M款外觀套件，全車原漆，一手車。配備抬頭顯示器、360度環景、Harman Kardon 音響。',
  '["https://example.com/vehicles/bmw-1.jpg"]'::jsonb
)
ON CONFLICT (id) DO NOTHING;

-- 車行 2 的已核准車輛
INSERT INTO public.vehicles (
  id, owner_dealer_id, brand_id, spec_id, model_id, year,
  listing_price, acquisition_cost, repair_cost,
  status, description, images
) VALUES (
  'cccccccc-0001-0001-0001-000000000003',
  'bbbbbbbb-0001-0001-0001-000000000002',  -- 車行 2
  '11111111-0001-0001-0001-000000000023',  -- Tesla
  '22222222-0001-0001-0001-000000000061',  -- Model 3
  '33333333-0001-0001-0001-000000000082',  -- Long Range
  2024,
  1580000,   -- 展示價 158萬
  1450000,   -- 收購成本 145萬
  20000,     -- 整備費 2萬
  'approved',
  '2024年式 Tesla Model 3 Long Range，珍珠白外觀，黑內裝。FSD 完整自駕套件，里程僅 5,000 公里，幾乎全新。',
  '["https://example.com/vehicles/tesla-1.jpg", "https://example.com/vehicles/tesla-2.jpg", "https://example.com/vehicles/tesla-3.jpg"]'::jsonb
)
ON CONFLICT (id) DO NOTHING;

-- 車行 2 的已退件車輛
INSERT INTO public.vehicles (
  id, owner_dealer_id, brand_id, spec_id, model_id, year,
  listing_price, acquisition_cost, repair_cost,
  status, rejection_reason, description, images
) VALUES (
  'cccccccc-0001-0001-0001-000000000004',
  'bbbbbbbb-0001-0001-0001-000000000002',  -- 車行 2
  '11111111-0001-0001-0001-000000000002',  -- Honda
  '22222222-0001-0001-0001-000000000013',  -- CR-V
  '33333333-0001-0001-0001-000000000043',  -- 1.5 S
  2021,
  980000,    -- 展示價 98萬
  880000,    -- 收購成本 88萬
  40000,     -- 整備費 4萬
  'rejected',
  '照片模糊無法辨識車況，請重新上傳清晰照片。',
  '2021年式 Honda CR-V 1.5 S，頂規版本，配備 Honda Sensing。',
  '[]'::jsonb
)
ON CONFLICT (id) DO NOTHING;

-- ═══════════════════════════════════════════════════════════════════════════════
-- SECTION 6: 測試盤車需求 (Trade Requests)
-- ═══════════════════════════════════════════════════════════════════════════════

-- 車行 1 的盤車需求
INSERT INTO public.trade_requests (
  id, dealer_id, target_brand_id, target_spec_id, target_model_id,
  year_from, year_to, price_range_min, price_range_max,
  conditions, contact_info, expires_at, is_active
) VALUES (
  'dddddddd-0001-0001-0001-000000000001',
  'bbbbbbbb-0001-0001-0001-000000000001',  -- 車行 1
  '11111111-0001-0001-0001-000000000012',  -- Mercedes-Benz
  '22222222-0001-0001-0001-000000000031',  -- C-Class
  NULL,  -- 不限車型
  2020,
  2024,
  800000,
  1500000,
  '需要低里程、無事故記錄，配備越多越好',
  '請加 LINE: dealer1_test',
  NOW() + INTERVAL '30 days',
  true
)
ON CONFLICT (id) DO NOTHING;

-- 車行 2 的盤車需求
INSERT INTO public.trade_requests (
  id, dealer_id, target_brand_id, target_spec_id, target_model_id,
  year_from, year_to, price_range_min, price_range_max,
  conditions, contact_info, expires_at, is_active
) VALUES (
  'dddddddd-0001-0001-0001-000000000002',
  'bbbbbbbb-0001-0001-0001-000000000002',  -- 車行 2
  '11111111-0001-0001-0001-000000000023',  -- Tesla
  NULL,  -- 不限規格
  NULL,  -- 不限車型
  2022,
  2025,
  1000000,
  2000000,
  '尋找 Tesla 各車型，有 FSD 優先考慮',
  '電話: 0923-456-789',
  NOW() + INTERVAL '14 days',
  true
)
ON CONFLICT (id) DO NOTHING;

-- ═══════════════════════════════════════════════════════════════════════════════
-- SECTION 7: 預設系統設定 (App Settings)
-- ═══════════════════════════════════════════════════════════════════════════════

INSERT INTO public.app_settings (key, value) VALUES
  ('external_services', '{
    "entertainment": { "name": "娛樂城", "url": null, "is_active": false },
    "relaxation": { "name": "紓壓專區", "url": null, "is_active": false },
    "comfort": { "name": "舒服專區", "url": null, "is_active": false }
  }'::jsonb),
  ('platform_info', '{
    "name": "發財B平台",
    "version": "1.0.0",
    "contact_email": "support@facai-b.com",
    "contact_phone": "02-1234-5678"
  }'::jsonb),
  ('feature_flags', '{
    "enable_trade_requests": true,
    "enable_dictionary_requests": true,
    "enable_shop": true,
    "maintenance_mode": false
  }'::jsonb)
ON CONFLICT (key) DO UPDATE SET
  value = EXCLUDED.value,
  updated_at = NOW();

-- ═══════════════════════════════════════════════════════════════════════════════
-- SECTION 8: 測試商城商品 (Shop Products)
-- ═══════════════════════════════════════════════════════════════════════════════

INSERT INTO public.shop_products (id, category, name, image_url, purchase_url, sort_order, is_active) VALUES
  ('eeeeeeee-0001-0001-0001-000000000001', 'car_wash', '專業洗車券 - 精緻美容', 'https://example.com/products/wash1.jpg', 'https://shop.example.com/wash1', 1, true),
  ('eeeeeeee-0001-0001-0001-000000000002', 'car_wash', '內裝深層清潔', 'https://example.com/products/wash2.jpg', 'https://shop.example.com/wash2', 2, true),
  ('eeeeeeee-0001-0001-0001-000000000003', 'car_wash', '鍍膜護理套組', 'https://example.com/products/wash3.jpg', 'https://shop.example.com/wash3', 3, true),
  ('eeeeeeee-0001-0001-0001-000000000011', 'android_device', 'Android 車機 - 10吋', 'https://example.com/products/android1.jpg', 'https://shop.example.com/android1', 1, true),
  ('eeeeeeee-0001-0001-0001-000000000012', 'android_device', 'Android 車機 - 12吋 旗艦版', 'https://example.com/products/android2.jpg', 'https://shop.example.com/android2', 2, true)
ON CONFLICT (id) DO NOTHING;

-- ═══════════════════════════════════════════════════════════════════════════════
-- SECTION 9: 驗證查詢
-- ═══════════════════════════════════════════════════════════════════════════════

/*
═══════════════════════════════════════════════════════════════════════════════
🧪 驗證種子資料是否正確匯入
═══════════════════════════════════════════════════════════════════════════════

-- 驗證品牌數量
SELECT COUNT(*) AS brand_count FROM public.brands;
-- 預期: 30 筆

-- 驗證規格數量
SELECT COUNT(*) AS spec_count FROM public.specs;
-- 預期: 約 40 筆

-- 驗證車型數量
SELECT COUNT(*) AS model_count FROM public.models;
-- 預期: 約 40 筆

-- 驗證階層關聯正確
SELECT 
  b.name AS brand,
  s.name AS spec,
  m.name AS model
FROM public.models m
JOIN public.specs s ON s.id = m.spec_id
JOIN public.brands b ON b.id = s.brand_id
ORDER BY b.sort_order, s.sort_order, m.sort_order
LIMIT 20;

-- 驗證測試帳號
SELECT id, email, name, company_name, status FROM public.users;
-- 預期: 4 筆 (1 Admin + 2 車行 + 1 停權)

-- 驗證測試車輛
SELECT 
  v.id,
  u.company_name AS dealer,
  b.name AS brand,
  s.name AS spec,
  m.name AS model,
  v.year,
  v.listing_price,
  v.status
FROM public.vehicles v
JOIN public.users u ON u.id = v.owner_dealer_id
JOIN public.brands b ON b.id = v.brand_id
JOIN public.specs s ON s.id = v.spec_id
JOIN public.models m ON m.id = v.model_id;
-- 預期: 4 筆 (2 approved, 1 pending, 1 rejected)

-- 驗證盤車需求
SELECT 
  tr.id,
  u.company_name AS dealer,
  b.name AS target_brand,
  tr.price_range_min,
  tr.price_range_max,
  tr.expires_at
FROM public.trade_requests tr
JOIN public.users u ON u.id = tr.dealer_id
JOIN public.brands b ON b.id = tr.target_brand_id;
-- 預期: 2 筆

═══════════════════════════════════════════════════════════════════════════════
📋 測試帳號資訊
═══════════════════════════════════════════════════════════════════════════════

| 帳號類型 | Email | 名稱 | 車行名稱 | 狀態 |
|---------|-------|------|---------|------|
| Admin | admin@facai-b.com | 系統管理員 | 發財B平台管理中心 | active |
| 車行 | dealer1@test.com | 王大明 | 大明優質車行 | active |
| 車行 | dealer2@test.com | 李小華 | 小華汽車商行 | active |
| 停權 | suspended@test.com | 張三 | 問題車行 | suspended |

注意：上述帳號需透過 Supabase Auth API 建立才能登入
測試密碼建議：Test123456!

═══════════════════════════════════════════════════════════════════════════════
*/
